Campus,T�tulo, Nome Coordenador 
Almenara,Desenvolvimento de m�todo anal�tico para determina��o de elementos inorg�nicos em amostras de �gua do Rio Jequitinhonha,Ednilton Moreira Gama,
Almenara,Aprimorar � preciso: Pesquisa de percep��o sobre a qualidade do evento de simula��o da ONU IFMUNDO no IFNMG Campus Almenara.,Alfredo Costa,
Almenara,Produ��o de guias de estudo para o modelo de simula��o da ONU (IFMUNDO),Regina Mendes de Ara�jo,
Almenara,Avalia��o Gerencial em Administra��o P�blica: An�lise da Gest�o em Sa�de no Cons�rcio Intermunicipal Multifinalit�rio do Baixo Jequitinhonha � CIMBAJE � sob os par�metros do Modelo de Excel�ncia em Gest�o P�blica (MEGP),Dayane Patr�cia Cunha de Fran�a,
Almenara,An�lise do Perfil Epidomiologia da Hansen�ase no Vale do Jequitinhonha � Minas Gerais (MG),Leila Concei��o de Paula Miranda,
Almenara,Entomofauna da Graviola Associado ao Cultivo em Sistema Exclusivo ou Consorciado nas Condi��es de Almenara � MG,Jos� Maria Gomes Neves,
Almenara,Geografia Hist�ria e Mem�ria: As Paisagens nas M�sicas do Baixo Jequitinhonha,Alfredo Costa,
Almenara,Observat�rio dos Desastres na Minera��o: Plataforma Digital Colaborativa Para Educa��o Ambiental,Alfredo Costa,
Almenara,An�lise de Viabilidade Econ�mica na Constru��o de uma F�brica de Farinha e F�cula de Mandioca,Luiz C�lio Souza Rocha,
Almenara,An�lise da Qualidade da �gua para Consumo em Escolas P�blicas nos Munic�pios de Almenara- MG e Jequitinhonha- MG,Roberta Pereira Matos,
Almenara,Ordenha Sustent�vel: Aplica��o da Ordenha Sustent�vel e Bioecon�mica em Propriedades Rurais na Microrregi�o de Almenara-MG,Paulo Eduardo Ferreira dos Santos,
Almenara,Planejamento Estrat�gico: Um Estudo de Caso em uma Empresa do Setor Aliment�cio em Jequitinhonha  MG,Emanuelly Alves Pelogio,
Almenara,Solan�ceas Silvestres como Porta Enxerto para Cultivo de Tomate em �reas Contaminadas com Meloidogyne incognita,Edimilson Alves Barbosa,
Almenara,Potencial de Produ��o de Biog�s com Diferentes Res�duos e Aproveitamento do Biofertilizante para Fertirriga��o,Raiane Ferreira de Miranda,
Almenara,Avalia��o do Feij�o Comum em Resposta a Aplica��o de Sil�cio,Raiane Ferreira de Miranda,
Almenara,Avalia��o do Milheto (Penissetum glaucum L. Brown ) Submetido a Diferentes Doses de Mangan�s,Raiane Ferreira de Miranda,
Almenara,Avalia��o do Desenvolvimento de Cultivares de Sorgo Gran�fero Cultivado Sob D�ficit H�drico e Doses de Sil�cio,Raiane Ferreira de Miranda,
Almenara,"Implata��o de um Sistema Web de Aux�lio Gerencial e Aplicativo Mediador Cliente- Atelie, no Atelie Lafira Modas",Marcos Vin�cius Montanari,
Almenara,Sistema de Gest�o Documental do Est�gio para o Instituto Federal do Norte de Minas Gerais Campus Almenara,Marcos Vin�cius Montanari,
Almenara,Uaifood: An�lise do Servi�o de Pedidos e Delivery para Almenara,Marcos Vin�cius Montanari,
Almenara,Ferramenta Educacional Virtual: Uma possibilidade para o Ensino B�sico e Tecn�logico,Pablo Castro Antunes Silva,
Almenara,Caracteriza��o da Pecu�ria Leiteira Intensiva do Baixo Jequitinhonha,,
Almenara,Impacto Ambiental do Monocultivo de Eucalipto no Vale do Jequitinhonha -MG,Vico Mendes Pereira Lima,
Almenara,An�lise da Qualidade dos Softwares Implantados nas Cl�nicas M�dicas da Cidade de Almenara,Paulo S�rgio Henrique dos Santos,
Almenara,Automa��o do Processo de An�lise de PH e Turbidez da �gua Bruta Utilizando Equipamentos de Baixo Custo,Marcus Vin�cius Montanari,
Almenara,Perman�ncia e �xito Escolar nos Cursos T�cnicos Integrados ao Ensino M�dio do IFNMG Campus Ribeir�o das Neves,Roberta Pereira Matos,
Almenara,Avalia��o dos Motivos que Levam � Evas�o dos Alunos no Curso de An�lise e Desenvolvimento de Sistemas no Instituto Federal no Norte de Minas Gerais � Campus Almenara,Marcos Vin�cius Montanari,
Almenara,A Ci�ncia da Computa��o Durante a Fase de Escolha Profissional: Por que as Mulheres de Almenara � Dizem N�o,Marcos Vin�cius Montanari,
Almenara,Influ�ncia de Substratos na Eustaquia de Roseira,Edimilson Alves Barbosa,
Almenara,Perman�ncia e �xito na EAD: Um Estudo no CEFET-MG Polo Curvelo,Roberta Pereira Matos,
Almenara,Desenvolvimento e Aplica��o de Biopl�stico,Ednilton Moreira Gama,
Almenara,Valoriza��o de M�is da Regi�o do Vale do Jequitinhonha com An�lises Qu�micas,Vanessa Greg�rio Rodrigues,
Almenara,Efeito do �cido Indolput�rico (AIB) no Enraizamento da Taioba ( Xanthosoma sagitifolium Schott,Joaquim Neto de Sousa Santos,
Almenara,Desenvolvimento Inicial de Mudas para Porta-enxertos de Goiabeira em Resposta �s doses de F�sforo,Jos� Maria Gomes Neves,
Almenara,Atributos F�sicos e Fisiol�gicos de Sementes Provenientes de Variedades de Feij�o Caupi Crioulo do Baixo Jequitinhonha,Jos� Maria Gomes Neves,
Almenara,Alimenta��o Proteica Alternativa no Desenvolvimento de Abelhas (Apis melliferas),Edimilson Alves Barbosa,
Almenara,Efeito de Diferentes Doses de Herbicidas no Controle de Plantas Daninhas em �rea de Pastagem,Edimilson Alves Barbosa,
Almenara,Lactantes Trabalhadoras: Conhecendo os seus Desafios,Daiane Prates Mendon�a,
Almenara,Avalia��o do Ambiente Virtual de Aprendizagem da Alfa Faculdade de Almenara,Josiena de Oliveira Fagundes de Ara�jo,
Almenara,Roboshield: Prot�tipo de uma Placa de Expans�o para Ardu�no para o Ensino da Rob�tica Educacional,Alan Teixeira de Oliveira,
Almenara,An�lise de Viabilidade Econ�mica da Microgera��o de Energia a Partir do Biog�s de Manipueira,Luiz C�lio Souza Rocha,
Almenara,Les�o por Press�o em Idosos no Contexto da Enfermagem Comunit�ria: Uma Revis�o de Escopo,Mariane Mapelis de Paula,
Almenara,As Formas de Ingresso nos Cursos T�cnicos Integrados ao Ensino M�dio da Rede Federal de Educa��o Profissional e Tecnol�gico,Alex Lara Martins,
Almenara,Desenvolvimento de Sistema de Software para Gest�o de Merenda Escolar,Valdete Maria Gon�alves de Almeida,
Almenara,Crescimento Micelial e Produ��o de  Escler�idios de Isolados de Sclerotina sclerotorum sob Diferentes Regimes de Luz,Danuza Ara�jo de Souza,
Almenara,Produ��o de Mudas de Mandioca em Diferentes Combina��es de Substratos Utilizando de Propaga��o R�pida,Edimilson Alves Barbosa,
Almenara,Din�mica e Ecologia de Plantas Daninhas na Cultura da Cana-de a��car,,
Ara�ua�,Mecanismos Moleculares envolvidos na atua��o de Fitoter�picos sobre Ecto e Endoparasitas de animais de produ��o: Abordagem IN VITRO  e IN S�LICO,Eliane Macedo Sobrinho Santos,
Ara�ua�,Processos de Constru��es Liter�rias: Um olhar na perspectiva do letramento liter�rio.,Elizabeth Moreira Gomes,
Ara�ua�,Tenho uma foto pra te contar: Resgate hist�rico do Vale do Jequitinhonha por meio da mem�ria oral inter-relacionada � arte visual.,Ernani Calazans de Oliveira,
Ara�ua�,Um olhar sobre os contos do escritor argentino J�lio Cort�zar: uma discuss�o pol�tico-social.,Lucas Leal Teixeira,
Ara�ua�,Avalia��o da capacidade funcional dos idosos residentes em uma institui��o de longa perman�ncia do munic�pio de Ara�ua�/MG.,Francisca Souza Santos Dias,
Ara�ua�,Integra��o de modelos de probabilidade e tend�ncia de ocorr�ncia de inc�ndios florestais como instrumento de aux�lio � gest�o em uma �rea protegida do Bioma Cerrado.,Rosane Gomes da Silva,
Ara�ua�,Biomonitor de material particulado por meio da arboriza��o urbana.,Ka�que Mesquita Cardoso,
Ara�ua�,A ansiedade no ambiente escolar: Percep��es dos estudantes dos cursos t�cnicos integrados ao ensino m�dio do IFNMG- Ara�ua�/MG.,Juliana de Almeida Pereira e Santos,
Ara�ua�,LABSICCX- Laborat�rio de sistemas computacionais complexos: Computa��o cient�fica mais amig�vel.,JeanCarlo Campos Le�o,
Ara�ua�,Estado da Arte: Levantamento sobre as produ��es cient�ficas sobre o mundo agr�rio/rural no Instituto Federal do Norte de Minas Gerais- IFNMG.,Fabiano Rosa de Magalh�es,
Ara�ua�,O museu de Ara�ua�: Percep��es sobre o lugar,Aureliane Aparecida de Ara�jo,
Ara�ua�,"Foguetes de �gua e Base de lan�amento: Constru��o, lan�amentos e estudos de suas propriedades.",Agamenon Pereira Xavier,
Ara�ua�,Ruptura de G�ndula: Uma an�lise para as causas e poss�veis solu��es nos supermercados do munic�pio de Ara�ua�/MG,Cleisson da Silva Rios,
Ara�ua�,"An�lise demogr�fica, cl�nica e terap�utica de usu�rios e Benzilpenicilina Benzatina de um munic�pio do m�dio Jequitinhonha.",Clara Cythia Melo e Lima,
Ara�ua�,Desempenho de plantas forrageiras cultivadas com composto org�nico � base de p� de Rocha.,Eliane Macedo Sobrinho Santos,
Ara�ua�,Estudo de Caso sobre a Aplica��o de um Provedor de Quest�es de Programa��o Integrado ao Moodle em Cursos de Introdu��o � Programa��o,Fernando Marcos Souza Silva,
Ara�ua�,Estudo de Caso sobre o Uso de T�cnicas de Minera��o de Textos para Detec��o de Motiva��o nos Alunos de Cursos na Modalidade a Dist�ncia,Fernando Marcos Souza Silva,
Ara�ua�,IFNMG Online: Estudantes e a Adic��o em Internet no Campus Ara�ua�,Thaiana Martins Marques,
Ara�ua�,Plataforma Virtual Ind�gena: Valoriza��o Cultural e Identit�ria do Povo Pankararu Patax� do Vale do Jequitinhonha,Lillian Gon�alves de Melo,
Ara�ua�,Artesanato Vale do Jequitinhonha: Estrat�gias de Marketing e Promo��o do Empreendedorismo Social,Kennya de Lima Ribeiro,
Ara�ua�,Implanta��o da Plataforma Espinha�o no IFNMG,Arthur Machado Fran�a de Almeida,
Arinos,Avalia��o do potencial de plantas nativas do cerrado para forma��o de bonsais.,Cinthia Gracielly Rodrigues,
Arinos,O estudo da evas�o escolar no curso de sistemas de informa��o do IFNMG- Campus Arinos,Diego Viana Porto,
Arinos,Produ��o de mudas de Corymbia Citriodora e Eucalipto Camaldulensis em diferentes concentra��es de substrato org�nico.,Francisco Valdevino Bezerra Neto,
Arinos,Avalia��o do desempenho de aves alimentadas com polpa de baru.,Diogo de Moraes Cardoso,
Arinos,"Influ�ncia do espa�amento e densidade na produtividade e propriedades organol�ticas da melancia amarela sem sementes, na regi�o vale do Urucuia.",Rildo Ara�jo Leite,
Arinos,Pesquisa da qualidade microbiol�gica do leite cru produzido na comunidade do Bonito em Urucuia/MG ap�s a aplica��o de Boas Pr�ticas para obten��o higi�nica do leite.,Gustavo Rodrigues Morgado,
Arinos,IFNMG online: Estudantes e a adicc��o em internet no Campus Arinos,Camila Molina Palles,
Arinos,Intelig�ncia Emocional e suas Rela��es com o Desempenho Acad�mico,Valdinice Ferreira da Mota,
Arinos,An�lise da Aplicabilidade da Avalia��o de Desempenho no IFNMG Campus Arinos/MG,Valdinice Ferreira da Mota,
Arinos,Clima Organizacional e Satisfa��o no Trabalho nas Ag�ncias Banc�rias de Arinos/MG,Christiane Oliveira Valente,
Arinos,Inser��o dos Egressos do Curso Bacharelado em Administra��o do IFNMG Campus Arinos no Mercado de Trabalho,Christiane Oliveira Valente,
Arinos,Delineamento do Empreendedorismo Feminino na Chapada Ga�cha/MG,Christiane Oliveira Valente,
Arinos,An�lise do N�vel de Intelig�ncia Emocional dos Graduandos dos Cursos Superiores do Instituto Federal do Norte de Minas Gerais � IFNMG Campus Arinos,Christiane Oliveira Valente,
Arinos,Impacto do Programa Nacional de Assist�ncia Estudantil (PNAES) na Perman�ncia dos Alunos dos Cursos de N�vel Superior do IFNMG Campus Arinos,Josu� Batista Reis Junior,
Arinos,Acesso e Perman�ncia no Ensino Superior : Um Estudo com os Discentes de Administra��o � IFNMG Campus Arinos,Priscila Franco Binato,
Arinos,Proced�ncia de Produtos C�rneos in Natura no Munic�pio de Arinos -MG,Diogo de Moraes Cardoso,
Arinos,Uso de Agrot�xicos em um Assentamento Rural de Uruana de Minas � MG,Diogo de Moraes Cardoso,
Arinos,Cooperativismo Agropecu�rio na Microrregi�o do Vale Urucuia: Um estudo da Percep��o dos Cooperados da Copabase,Graciela Maria Miranda Borges,
Arinos,Log�stica Reversa: Ferramenta de Aplica��o do Descarte dos Res�duos S�lidos em uma Institui��o de Ensino,Graciela Maria Miranda Borges,
Arinos,Marketing Digital Teorias e Pr�ticas Organizacionais: Um Estudo Bibliom�trico,Cristiane Oliveira Valente,
Arinos,"A Centralidade Educacional do Instituto Federal do Norte de Minas, Campus Arinos, no Vale do Urucuia",Camila Molina Palles,
Arinos,Import�ncia da Silagem de Sorgo,In�cio Barbosa Borges,
Arinos,Dosagens de F�sforo e Inocula��o com Bradyrhizobium nas Caracter�stica Agron�micas do Feij�o-caupi,In�cio Barbosa Borges,
Arinos,Avalia��o do Sorgo Gran�fero Submetido a Diferentes Dosagens de Nitrog�nio e Pot�ssio,In�cio Barbosa Borges,
Arinos,Estudo da Efici�ncia de Fertilizantes Biol�gicos (Barvar) na Substitui��o Total ou Parcial de Fertilizantes Minerais,In�cio Barbosa Borges,
Arinos,Import�ncia do MIP na Conserva��o da Transgenia do Algod�o,In�cio Barbosa Borges,
Arinos,Taxa de Acumula��o de mat�ria Seca da Soja sobre os Restos Vegetais da Cultura do Sorgo,In�cio Barbosa Borges,
Arinos,H�bridos para a Produ��o de Milho Verde no Munic�pio de Arinos -MG,In�cio Barbosa Borges,
Arinos,Controle da Ferrugem do Cafeeiro,In�cio Barbosa Borges,
Arinos,Estudo de Aplica��o da Realidade Virtual e a Aumentada no Ensino M�dio Integrado do IFNMG Campus Arinos como Ferramenta Complementar ao Ensino,Danilo Silveira Martins,
Arinos,Gest�o do Programa Nacional de Alimenta��o Escolar: Estudo de Caso na Prefeitura Municipal de Arinos/MG,Elza Cristiny Carneiro Batista,
Arinos,Efeito do Tratamento de Semente de Algod�o na Qualidade Fisiol�gica e Sanit�ria,Luana da Silva Botelho,
Arinos,Sistema de Controle e Gerenciamento de Estoque,Claudianne Myllene Morais de Almeida,
Arinos,Sistema de Aux�lio e Gerenciamento de Pr�ticas Esportivas do N�cleo de Educa��o F�sica do IFNMG Campus Arinos/MG,Claudianne Myllene Morais de Almeida,
Arinos,CAJUI APP: Proposta de Aplicativo Mobile para o Sistema Caju�,Claudianne Myllene Morais de Almeida,
Arinos,Controle de Plantas Daninhas na Cafeicultura,In�cio Barbosa Borges,
Arinos,Sistemas de Irriga��o Utilizados no Cultivo de Caf� no Brasil,In�cio Barbosa Borges,
Arinos,Avalia��o de Cultivares da Soja sobre a Palhada da Branqui�ria,In�cio Barbosa Borges,
Diamantina,Cartografia Catrumana: Povos e comunidades tradicionais do norte de Minas e Vale do Jequitinhonha.,S�rgio Leandro Sousa Neves,
Diamantina,A Segunda Guerra Mundial em Tela,Dayse L�cide Silva Santos,
Diamantina,Avalia��o Fisiol�gica de Mudas de Clona H�brido de Eucalyptus urophylla Produzido em Diferentes Condicionadores de Solo,Emerson Delano Lopes,
Diamantina,As Cam�lias da Segunda Aboli��o: Pensamento Pol�tico Brasileiro e o Brandir da Intelectualidade Negra,Carla Pereira Silva,
Jana�ba,O perfil das organiza��es da sociedade civil de Jana�ba/MG,Tarso Guilherme Macedo Pires,
Jana�ba,Brincando com as mol�culas,Farley Jean de Sousa,
Jana�ba,Desenvolvimento de um jogo envolvendo hist�ria em quadrinhos,J�lio C�zar Barbosa Rocha,
Jana�ba,Letramento de internacionaliza��o: Mobilidade docente e forma��o cr�tica de professores de l�nguas adicionais,Lauro S�rgio Machado Pereira,
Jana�ba,Caracteriza��o Socioecon�mica dos munic�pios da �rea de abrang�ncia do Campus Avan�ado Jana�ba e do Campus Avan�ado Porteirinha no Instituto Federal do Norte de Minas Gerais.,Fabr�cio Silva Ribeiro,
Jana�ba,IFNMG online: Estudantes e a adicc��o em internet no Campus Jana�ba,Marineide Almeida Rocha,
Jana�ba,Laborat�rio did�tico de f�sica tendo como plataforma Raspberry Pi,J�lio C�zar Barbosa Rocha,
Jana�ba,Servi�o Web para avalia��o autom�tica de exerc�cios de programa��o,Felipe C�zar de Castro Antunes,
Jana�ba,Rob� Did�tico para Ensino de F�sica,Felipe C�zar de Castro Antunes,
Janu�ria,�ndice de transpar�ncia p�blica: uma an�lise nos munic�pios da microrregi�o mineira de Janu�ria.,Eduardo Cabral da Cruz,
Janu�ria,Perfil socioecon�mico dos feirantes que comercializam hortali�as na feira livre do munic�pio de Janu�ria/MG.,Eduardo Cabral da Cruz,
Janu�ria,Crescimento de abacaxizeiros em solos alcalinos e �cidos adubados com nitrog�nio e irrigados com �gua calc�ria e n�o calc�ria.,Dilermando Dourado Pacheco,
Janu�ria,A inadimpl�ncia versus Consultoria Empresarial,Eduardo Cabral da Cruz,
Janu�ria,A Influ�ncia da programa��o neolingu�stica- pnl nas vendas.,Elder Lisboa Souza,
Janu�ria,Gest�o de pessoas: An�lise do clima Organizacional na Prefeitura de Janu�ria/MG,Eduardo Cabral da Cruz,
Janu�ria,Pessoas com defici�ncias: Uma an�lise do cumprimento da legisla��o e suas implica��es nas empresas privadas de Janu�ria.,Francisco Farlei de Carvalho Lisboa,
Janu�ria,O grau de empreendedorismo no perfil de forma��o dos acad�micos das institui��es de ensino superior presencial.,�rica Souza Tupin�,
Janu�ria,Avalia��o dos processos de trabalho da porta de entrada de um hospital p�blico do Norte de Minas Gerais.,�rica Souza Tupin�,
Janu�ria,Pol�ticas P�blicas de combate � pobreza atrav�s de programas de transfer�ncia de renda.,Felipe Lisboa Guedes,
Janu�ria,An�lise da remunera��o salarial entre os homens e as mulheres ocupantes dos cargos de gest�o nas empresas da cidade de Janu�ria/MG,Francisco Farlei de Carvalho Lisboa,
Janu�ria,Qualidade do atendimento do setor de secretaria de Registros Acad�micos do IFNMG Campus Janu�ria na perspectiva dos usu�rios.,�rica Souza Tupin�,
Janu�ria,Custo de vida e cesta b�sica em Janu�ria/MG,Felipe Lisboa Guedes,
Janu�ria,Consumo de energia el�trica nas resid�ncias dos alunos do 2� ano do curso t�cnico em Meio Ambiente Integrado.,Adenise Vieira de Souza,
Janu�ria,Evolu��o do sistema de gerenciamento de est�gios do IFNMG- Campus Janu�ria.,Cleiane Gon�alves Oliveira,
Janu�ria,Uso de sistema de informa��o para aumento da efici�ncia no gerenciamento dos aux�lios do programa de assist�ncia e apoio aos estudantes do IFNMG- Campus Janu�ria.,Cleiane Gon�alves Oliveira,
Janu�ria,Prot�tipo de Quarteador de amostras de gr�os e sementes,Wagner da Cunha Siqueira,
Janu�ria,Manejo de plantas invasoras com metab�litos de microrganismos endof�ticos e de solo.,Tatiana Tozzi Martins Souza Rodrigues ,
Janu�ria,"Desenvolvimento, produ��o e incid�ncia de pragas e doen�as em Milho tratado com organomineral.",Tatiana Tozzi Martins Souza Rodrigues ,
Janu�ria,Responsabilidade socioambiental uma estrat�gia para atrair e fidelizar clientes dos mercados do munic�pio de Janu�ria-MG,Soraia Ata�de L. Frota,
Janu�ria,An�lise da efic�cia da educa��o financeira infantil no comportamento financeiro de estudantes do ensino fundamental II,Eduardo Cabral da Cruz,
Janu�ria,"Fatores ambientais e sociais que contribuem para a preval�ncia de esquistossomose no Distrito do Brejo do Amparo, munic�pio de Janu�ria/MG",Luiz Carlos Ferreira ,
Janu�ria,An�lise Econ�mico- Financeira das Empresas Brasileiras de Saneamento com Capital Aberto,Eduardo Cabral da Cruz,
Janu�ria,A L�ngua Brasileira de Sinais (LIBRAS) no curso t�cnico de enfermagem do IFNMG: (RE)significando a percep��o dos alunos em rela��o � comunica��o com os surdos na aten��o � sa�de.,Caio Bruno wetterich,
Janu�ria,A evas�o na Educa��o T�cnica Profissional: Uma an�lise de indicadores dos cursos do ensino m�dio integrado do Instituto Federal do Norte de Minas Gerais- Campus Ara�ua�.,Caio Bruno wetterich,
Janu�ria,"Efeito de um adsorvente de micotoxinas sobre o desempenho, os metab�litos s�ricos e o estresse oxidativo em porcas gestantes e lactantes ",Wagner Aziz Garcia de Ara�jo,
Janu�ria,Influ�ncia da Evapotranspira��o na Efici�ncia de Tratamento de �gua Residu�ria Salina em Sistemas Alagados Constru�dos ,Danilo Pereira Ribeiro,
Janu�ria,Desempenho Produtivo e Ac�mulo de Molibd�nio em Sementes de Feij�o Caupi ( Vigna unguiculata L. WALP.) submetido � aduba��o foliar molib�dica e efici�ncia da fixa��o biol�gica do nitrog�nio ,Luiz Carlos Ferreira ,
Janu�ria,"Densidade Populacional e Morfologia Radicular de Linhagens de Feij�o Caupi ( Vigna unguiculata  ), no Semi�rido do Norte de Minas Gerais ",Claubert Wagner Guimar�es de Menezes,
Janu�ria,Comportamento Produtivo de Gen�tipos de Girassol Cultivados em Janu�ria Norte de Minas Gerais Safra 2019/2020,Aroldo Gomes Filho,
Janu�ria,"Caracteriza��o e Mapeamento do Uso e Ocupa��o do Solo no Riacho da Cruz, Bacia do Alto M�dio S�o Francisco ",Ant�nio F�bio Silva Santos,
Janu�ria,Evolu��o de um Jogo Digital Educacional para o Aux�lio � Preven��o da Interdisciplina nas S�ries Iniciais do Ensino Fundamental ,Joselice Ferreira Lima,
Janu�ria,Efeito do �leo Essencial de Cybpogom flexuosus (POACEAE) no Controle de Sitophilus zeamais (COLEOPTERA: CURCULIONIDADAE) e na Germina��o de Zea mays (POACEAE) ,Clin�scia Rodrigues Ara�jo Rocha,
Janu�ria,Descri��o das Propriedades F�sicas do Feij�o Mungo (Vigna Radiata) Cultivado na Regi�o do Semi�rido de Minas Gerais,Wagner da Cunha Siqueira,
Janu�ria,Sistema de Sensoriamento Remoto de Baixo Custo para Recomenda��o de Adubo Nitrogenado a Taxa Variada na Cultura do Milho,Selma Alves Abrah�o,
Janu�ria,Estudo Sistem�tico Sobre a Estrutura Energ�ticas dos N�veis de Energia Stark em Sistemas ,Yuri Alisson Rodrigues de Oliveira,
Janu�ria,Desenvolvimento de um Jogo Digital Educativo para o Ensino de Matem�tica,Daniel Martins Nunes,
Janu�ria,Detec��o da Presen�a de Agrot�xicos em Amostras de Feij�o Carioca Atrav�s da An�lise de Imagens de Fluoresc�ncia ,Caio Bruno wetterich,
Janu�ria,Espa�o e Tempo de Produ��o de Conhecimento: O Teatro e a Autoria da Cena,Elisa Martins Bel�m Vieira,
Janu�ria,Determina��o das Perdas de �gua por Escomaneto Superficial Direto na Bacia Hidrogr�fica do Rio Pandeiros Por Meio de Modelagem Hidrol�gica ,Danilo Pereira Ribeiro,
Janu�ria,Avalia��o do Uso de um Probi�tico (Techno Spore) como Aditivo em Dietas de Frangos de Corte para Melhorar o Desempenho e o Estado Sanit�rio,Wagner Aziz Garcia de Ara�jo,
Janu�ria,Elabora��o de um Software Educacional para Aux�lio ao Processo de Ensino Enfermagem ,Karine Alencar Fr�es,
Janu�ria,Sustentabilidade e Gest�o P�blica dos Res�duos S�lidos Urbanos do Munic�pios de Janu�ria � MG,Aelejancer Barbosa Macedo,
Janu�ria,Uso da V�lvula de Pneu sem C�mara em Substitui��o �s Tomadas de Press�o Comerciais em Tubula��es de PVC ,Ant�nio F�bio Silva Santos,
Janu�ria,A Utiliza��o de Sacos Pl�sticos em Substitui��o Parcial do Agregado Gra�do de Concretos Convencionais ,Pablo Henrique Ata�de Oliveira,
Janu�ria,Determina��o da Resist�ncia do Concreto Dosado com os Tra�os mais Utlizados no Munic�pio de Janu�ria/ MG � Concreto Virado em Obra. ,�ureo da Silva Santos,
Janu�ria,Inocula��o de Azospirillum brasiliense na Cultura da Melancia ( Citrullus lanatus) no semi�rido de Minas Gerais ,Luiz Carlos Ferreira ,
Janu�ria,Aduba��o Nitrogenada em Cobertura de Amendoim CV. Runner IAC 886 e Viabilidade Econ�mica no Semi�rido Mineiro,Aroldo Gomes Filho,
Janu�ria,Produ��o de Til�pias ( Orecheromis niloticus ) em Fluxo Cont�nuo de �guas Recirculantes Sob Diferentes Estocagens ,Wagner da Cunha Siqueira,
Janu�ria,An�lise do Desempenho dos Alunos de Cursos Superiores em Computa��o no ENADE � Uma Abordagem Usando Minera��o de Dados,Raphael Magalh�es Hoed,
Janu�ria,Elabora��o do Prot�tipo de um Mouse para Acessibilidade de Pessoas Portadoras de Tremores Essenciais e Parkinsinianos ao Ambiente Computacional ,Flipe Augusto Oliveira Mota,
Janu�ria,Tratamento de �guas Duras por Meio de Radiofrequ�ncia,M�rio da Silva Ara�jo Filho,
Janu�ria,Diferentes M�todos para a Supera��o de Dorm�ncia de Sementes de Pequizeiro ,Rodrigo Amato Moreira,
Janu�ria,Comportamento Financeiro dos Universit�rios de Administra��o do IFNMG � Campus Janu�ria: Uma an�lise do perfil de compra e dos fatores que podem influenciar o endividamento ,Edson Oliveira Nunes,
Janu�ria,Os Temas Transversais: A orienta��o Sexual nos Anos Finais do Ensino Fundamental nas Escolas Urbanas de Janu�ria MG,Cl�udio Wilson dos Santos Pereira,
Janu�ria,ECOinova��o: Redu��o de Impactos Ambientais e Custo-benef�cio da Substitui��o de Materiais Descart�veis por Reutiliz�veis,Shirley Mirone Martins Guimar�es,
Janu�ria,Teste de Prefer�ncia Alimentar por Res�duos Agroindustriais para a Produ��o de Tenebrio Molitor ,L�lian Bet�nia Reis Amaro,
Janu�ria,Avalia��o de Gen�tipos de Beterraba de Mesa sob Sistema Org�nico de Produ��o em Janu�ria ,Nelson Lic�nio Campos de Oliveira,
Janu�ria,Produtividade de Abobrinha Italiana em Fun��o da Aduba��o Nitrogenada ,Nelson Lic�nio Campos de Oliveira,
Janu�ria,Utiliza��o da Fotografia Cient�fica na Bot�nica,L�lian Bet�nia Reis Amaro,
Janu�ria,Gest�o de Pessoas em Micro Empresas: Estrat�gias de Potencializa��o do Capital Humano,Edson Oliveira Neves,
Janu�ria,Proposta de Sistema para Gest�o do Est�gio Curricular Supervisionado Obrigat�rio do Curso T�cnico em Enfermagem do IFNMG � Campus Janu�ria,Felipe Augusto Oliveira Mota,
Janu�ria,Aspectos da Qualidade Microbiol�gica da �gua para Consumo Humano e Irriga��o em uma Comunidade Rural ,Luiz Carlos Ferreira ,
Janu�ria,A Rela��o Professor/ Aluno na Licenciatura,Joelma de F�tima Mendes Bandeira,
Janu�ria,"Impacto da Crise Econ�mica de 2-15, 2016 e 2017 no N�vel de Emprego do Munic�pio de Janu�ria/MG",Felipe Lisboa Guedes,
Janu�ria,Uso da Metodologia de Ensino -Aprendizagem -Avalia��o de Matem�tica atrav�s da Resolu��o de Problema na Forma��o do Professor de Matem�tica,Eg�dio Rodrigues Martins,
Janu�ria,Desenvolvimento de um Aplicativo Educacional para o Aux�lio � Comunidade Acad�mica do Campus Janu�ria,Felipe Augusto Oliveira Mota,
Janu�ria,Caracteriza��o da Rede de Usu�rios de Grupos P�blicos Brasileiros do Whatsapp,H�lder Seixas Lima,
Janu�ria,Sistema de Sensoriamento Remoto de Baixo Custo para Classificar Teor de Clorofila Foliar e Produtividade do Feij�o,Selma Alves Abrah�o,
Janu�ria,Correla��o entre a Lucratividade Cont�bil e o Pre�o das A��es,Felipe Lisboa Guedes,
Janu�ria,Proposta de Inova��o Utilizando Cashback como Programa de Fideliza��o de Clientes de um Supermercado ,Shirley Mirone Martins Guimar�es,
Janu�ria,Estrat�gias Inovadoras para Finalizar Clientes: Estudo de Caso Numa Loja de Confec��o Infantil de Janu�ria � MG,Shirley Mirone Martins Guimar�es,
Janu�ria,Import�ncia da Inova��o no Processo Competitivo de Micro e Pequenas Empresas,Shirley Mirone Martins Guimar�es,
Janu�ria,"Assessoria em Marketing Digital, Como Meio Inovador Para Alavancar Vendas nas Redes Sociais de Micro e Pequenos Empreendimentos",Shirley Mirone Martins Guimar�es,
Janu�ria,Como um Sistema de Controle pode Inovar a Presta��o de Servi�os numa Cidade do Interior de Minas Gerais ,Selma Alves Abrah�o,
Janu�ria,An�lise da Utiliza��o dos Sistemas de Informa��es Gerencial nas Empresas de Janu�ria,Francisco Farlei de Carvalho Lisboa ,
Janu�ria,Processo Sucess�rio em Empresa Familiar: Mapeamento dos Estudos mais Relevantes sobre o Tema,Edson Oliveira Neves,
Janu�ria,Educa��o Alimentar nas Escolas da Rede Estadual de Ensino da Cidade de Pedras de Maria da Cruz-MG ,Luiz Carlos Ferreira ,
Janu�ria,Caracteriza��o Biol�gica de Bact�rias Endof�ticas e seu Potencial de Controle de Sclerotinia sclerotiorum em Soja ,Tatiana Tozzi Martins Souza Rodrigues ,
Janu�ria,Biossolubiliza��o de F�sforo e Pot�ssio por Bact�rias Endof�ticas Isoladas de Sementes Stylosanthers SPP ,Tatiana Tozzi Martins Souza Rodrigues ,
Janu�ria,Avalia��o de Propriedades F�sicas de Gr�os de Milho da Variedade Crioulo Cultivados na Regi�o do Norte de Minas Gerais,Wagner da Cunha Siqueira,
Janu�ria,"Determina��o da Massa Espec�fica, Porosidade e Peso Hectolitro de Gr�os de Milho em Diferentes Teores de Umidade",Wagner da Cunha Siqueira,
Janu�ria,Diferentes M�todos de Supera��o de Dorm�ncia de Sementes de Umbuzeiro ,Rodrigo Amato Moreira,
Janu�ria,Qualidade da �gua Armazenada em Cisternas de Placas de uma Comunidade Rural do Munic�pio de Bonito de Minas � MG,Luiz Carlos Ferreira ,
Janu�ria,Qualidade na Presta��o de Servi�os: Aplica��o do Modelo Servqual na Rede de Hot�is em Janu�ria � MG,�rica Souza Tupin�,
Janu�ria,Proposta de um Sistema para Micro-Pequenas Oficinas Mec�nicas,Danilo Magalh�es Nunes,
Janu�ria,Desenvolvimento de um Sistema para Monitoramento Autom�tico de Tr�nsito em Cidades e Rodovias ,Matheus Silveira Borges,
Janu�ria,Levantamento e An�lise dos Relat�rios de Sondagem por SPT Executados na �rea Central do Munic�pio de Janu�ria-MG,Rodrigo Marques do Nascimento,
Janu�ria,An�lise do Uso das Tecnologias Digitais da Informa��o Comunica��o e Metodologias Ativas pelos Docentes das Escolas P�blicas Estaduais de Janu�ria,Gustavo Linhares L�lis Frota,
Janu�ria,Medida do �ndice de Refra��o em Diferentes Tipos de Materiais ,Caio Bruno wetterich,
Janu�ria,Produ��o de M�dulo Did�tico para o Ensino de Opera��es com N�meros Reais ,Daniel Martins Nunes,
Janu�ria,Produ��o de M�dulo Did�tico para o Ensino de Opera��es com N�meros Reais ,Adenise Vieira de Souza,
Janu�ria,"Perfil das Interna��es Hospitalares por Condi��es Sens�veis a Aten��o Prim�ria na Rede de Aten��o Hospitalar de Janu�ria, MG",Thatiane Lopes Oliveira,
Janu�ria,Perfil de Sa�de e Qualidade de Vida dos Trabalhadores do IFNMG � Campus Janu�ria,Karla Jaciara Vieira Damasceno Abreu,
Janu�ria,An�lise e Monitoramento da Qualidade da �gua do Riacho da Cruz para Consumo Dom�stico,Ant�nio F�bio Silva Santos,
Janu�ria,"Manejo da Cultura do Feij�o Caupi, no Semi�rido do Norte de Minas Gerais",Claubert Wagner Guimar�es de Menezes,
Janu�ria,Controlador de Irriga��o Via Pluviom�tro,Ant�nio F�bio Silva Santos,
Janu�ria,Aplica��o Baseado em Sistema de Recomenda��o para Auxiliar Pa�s no Cuidado com seus Filhos,Juliana Teixeira Antunes,
Janu�ria,Cura� Janu�ria: Um Aplicativo M�vel Interativo para Divulga��o de Eventos ,H�lder Seixas Lima,
Janu�ria,Evolu��o de um Jogo Educacional Digital sobre o Parque Nacional Cavernas do Perua�u ,Joselice Ferreira Lima,
Janu�ria,Sistema de Gest�o para o Cart�rio de Registro Civil e Notas do Distrito de Riacho da Cruz,Paulo Vitor do Carmo Batista,
Janu�ria,Astronomia e Saberes Tradicionais no Ensino M�dio em Escolas Xakriab�: Os S�bios e a Constru��o do Conhecimento na Interculturalidade,Caio Bruno Wetterich ,
Janu�ria,Estudo Sistem�tico sobre a Estrutura Energ�ticas dos N�veis de Energia Stark em Sistemas contendo �ons de eur�pio trivalentes,Caio Bruno wetterich,
Janu�ria,Estudo da Condi��o Produtiva dos Remanescentes Quilombolas da Comunidade de Alegre - Janu�ria ,Edson Oliveira Neves,
Janu�ria,Danos nas Propriedades F�sicas de Gr�os de Milho Causado pelo Sitophilus zeamais,Wagner da Cunha Siqueira,
Janu�ria,Desenvolvimento e Aceitabilidade de Iogurte Grego Salgado Condimentado,Geralda Magela Costa Nobre,
Janu�ria,Avalia��o de Mandioca Biofortificada no Norte de Minas Gerais,Ednaldo Liberato de Oliveira,
Janu�ria,Produ��o de Mudas de Mandioca Mesa com Substrato Alternativo,Ednaldo Liberato de Oliveira,
Janu�ria,Constru��o e Caracteriza��o de um Aspersor Caseiro de Baixo Custo,Ednaldo Liberato de Oliveira,
Janu�ria,Aproveitamento de Pseudocaule de Bananeira para a Elabora��o de Palmito,Geralda Magela Costa Nobre,
Janu�ria,Determina��o das Propriedades F�sicas do feij�o Caupi � Vigna unguiculata� em Diferentes Teores de Umidade. ,Wagner da Cunha Siqueira,
Janu�ria,An�lise de Tamanho e Forma em Sementes de Girassol ,Wagner da Cunha Siqueira,
Janu�ria,Posse Respons�vel de Animais Dom�stico e Perfil Epidemiol�gico da Leishmaniose no Munic�pio de Janu�ria-MG,Luiz Carlos Ferreira ,
Janu�ria,Conhecimento Geom�trico Espacial Utilizado por Pedreiros da Cidade de Janu�ria-MG,Raniery Guilherme Jos� Vicente,
Janu�ria,"Diagn�stico Hidroambiental das Nascentes do Riacho da Quinta, na Bacia do M�dio S�o Francisco",Ant�nio F�bio Silva Santos,
Janu�ria,Sistema de Controle de Irriga��o Automatizado de Baixo Custo para Agricultura Familiar,Danilo Magalh�es Nunes,
Janu�ria,Zoneamento Agroclim�tico do Feij�o Caupi para o Estado de Minas Gerais,Selma Alves Abrah�o,
Janu�ria,Aplica��o Android para Controle de Cadeiras de Rodas Atrav�s da Vis�o Computacional: Uma Proposta de Acessibilidade para Pessoas com Tetraplegia,Felipe Augusto Oliveira Mota,
Janu�ria,O Conhecimento Sobre Matem�tica Financeira e as Rela��es de Consumo dos Acad�micos do Curso de Administra��o do IFNMG � Campus Janu�ria,Raniery Guilherme Jos� Vicente,
Janu�ria,Pesquisa Avan�ada Acerca de Internet das Coisas,Felipe Augusto Oliveira Mota,
Janu�ria,Objeto de Aprendizagem: Ensino de Fun��es Exponenciais e Logar�tmicas Aplicadas ao Geogebra,F�bio Mendes Ramos,
Janu�ria,"Representa��es do M�dio S�o Francisco no Romance � A �pera dos Afogados�, do Januarense Ant�nio Em�lio Pereira",Pedro Borges Pimenta J�nior,
Janu�ria,"Tr�s Retratos de Maria da Cruz, A Dona do Sert�o",Pedro Borges Pimenta J�nior,
Janu�ria,An�lise da Evolu��o do Ensino M�dio nas Escolas da Terra Ind�gena Xakriab� no Per�odo de 2005 a 2018. ,Suzana Alves Escobar,
Janu�ria,Educa��o Empreendedora: Estudo do Impacto em Jovens em Situa��o de Vulnerabilidade Social da Cidade de Janu�ria-MG,�rica Souza Tupin�,
Janu�ria,Aptid�o Clim�tica do Estado de Minas Gerais para Cultura da Palma Forrageira (Opuntia SP),Selma Alves Abrah�o,
Janu�ria,Zoneamento Agroclim�tico do Campim Elefante (Pennisetum purpureum) ,Selma Alves Abrah�o,
Janu�ria,IFNMG Online: Estudantes e a Adic��o em Internet no Campus Janu�ria,Fabio Mendes Ramos,
Janu�ria,Desenvolvimento de um Sistema Hiperm�dia para Elabora��o de Avalia��es de Matem�tica,Josu� Antunes de Macedo,
Janu�ria,Carne do Porco do Cerrado Maturada por Meio de Salga �mida e Salga Seca,Wagner Aziz Garcia de Ara�jo,
Janu�ria,"Manejo da Cultura do Feij�o Caupi (Vigna unguiculata), no Semi�rido do Norte de Minas Gerais",Claubert Wagner Guimar�es de Menezes,
Janu�ria,Limites e Possibilidades do Uso do Scratch no Ensino da Matem�tica,Josu� Antunes de Macedo,
Janu�ria,Utiliza��o da Enzima B-mananase em Rea��es de Frangos ,Wagner Aziz Garcia de Ara�jo,
Janu�ria,Valida��o da Plataforma de Pesagem na Pecu�ria de Precis�o em Confinamento de Bovinos � Animais Cruzados Angus x Nelore,Rog�rio Mendes Murta,
Janu�ria,Aduba��o Org�nica de Capim Santo ( Cymbopogon citratus ) com algod�o-de-seda ( Calotropis procera),Claubert Wagner Guimar�es de Menezes,
Janu�ria,As Transforma��es no Mundo do Trabalho e as expectativas dos jovens estudantes sobre o ensino m�dio integrado � Educa��o Profissional no IFNMG � Campus Janu�ria,Wanderson Pereira Ara�jo,
Janu�ria,Estudo Investigativo da Psicologia da Aprendizagem Aplicada ao Ensino de Trigonometria,Gustavo Pereira Gomes,
Montes Claros,Produ��o de carv�o ativado a partir de cascas de banana e sua avalia��o em absor��o de compostos fen�licos oriundos do pr�-tratamento �cido de biomassa.,Ramon Geraldo Campos silva,
Montes Claros,Destila��o de etanol � �gua em regime estacion�rio utilizando coluna com recheios e avalia��o da adi��o de sal inorg�nico no comportamento azeotr�pico da mistura.,Ramon Geraldo Campos silva,
Montes Claros,Modelagem termodin�mica do equil�brio � vapor das misturas etanol � �gua e etanol � �gua � sal inorg�nico por meio da destila��o de Rayleigh.,Ramon Geraldo Campos silva,
Montes Claros,Modelagem do processo de secagem convectiva de cascas de banana.,Ramon Geraldo Campos silva,
Montes Claros,Produ��o de Carv�o Ativado a Partir do Res�duo de Lodo Ativado e Avalia��o do Efeito de Agente Ativante,Daniel Rodrigues Magalh�es,
Montes Claros,Eye Tracking como Ferramenta de Intera��o Homem- M�quina Aplicado � Pacientes com Defici�ncia Motora nos Membros Superiores,Wagner Ferreira de Barros,
Montes Claros,Desenvolvimento de Co-Simulador para redes El�trica Inteligentes,Douglas �ngelo Teixeira,
Montes Claros,An�lise da Aplicabilidade de Redes Neurais Artificiais para Identifica��o de Gases,Saulo Fernando dos Santos Vidal,
Montes Claros,"Concep��o e Prototipagem de Um Dispositivo de Acomoda��o, Fixa��o e Posicionamento para a Radioterapia de Mama em Dec�bito Ventral",Wagner Leite Ara�jo,
Montes Claros,IFNMG ONLINE: Estudantes a a Adic��o em Internet no Campus Montes Claros,Alexandre Botelho Brito,
Montes Claros,Avaliando Consultas por Similaridade com Diversidade,L�cio Fernandes Dutra Santos,
Montes Claros,Modelagem Computacional do Desempenho de Torre de Resfriamento,Ramon Geraldo Campos silva,
Montes Claros,Produ��o de Impressora 3D de Baixo Custo para o Campus Montes Claros,Luciana Balieiro Cosme,
Montes Claros,"Investiga��o de Ferramentas Computacionais e de Engenharia para Auxiliar Pessoas com Necessidades Especiais (PNE�S), em Membros Superiores, na Realiza��o de Atividades de Vida Di�ria (ADV�S)",Luciana Balieiro Cosme,
Montes Claros,Projeto e Constru��o de Elementos �pticos Usando Impressoras 3D,Marcos Aur�lio Duarte Carvalho,
Montes Claros,N�mero Pfaffiano de Grafos,Alberto Alexandre Assis Miranda,
Montes Claros,Gera��o de Modelos para Descrever de Modelos para Descrever o Processo de Secagem de Arroz com Casca em Leito de Jorro,Jo�o Carlos Gon�alves,
Montes Claros,Pesquisa de Busca Heur�stica � Heur�stica de Busca para Open Shop,Tadeu Knewitz Zubaran,
Montes Claros,Pesquisa de Busca Heur�stica � Heur�stica Construtiva para Open Shop,Tadeu Knewitz Zubaran,
Montes Claros,Pesquisa de Busca Heur�stica � Vizinhan�as para Open Shop,Tadeu Knewitz Zubaran,
Montes Claros,Avalia��o da Atividade Antif�ngica dos �leos Essenciais de Manjeric�o (Ocimum basilicum ) e do cravo-da-�ndia ( Syzygium aromaticum),Marcelo Moreira Freire,
Montes Claros,Produ��o e An�lise de Condicionadores Capilares Preparados com a Adi��o de Diferentes �leos Vegetais,Marcelo Moreira Freire,
Montes Claros,Desenvolvimento de Procedimentos para Extra��o dos �leos do Fruto da Palmeira Mac�ba( Acronomia aculeata),El�zio Mario Ferreira,
Montes Claros,Avalia��o da Acidez Total de Cacha�as da Regi�o de Itacambira-MG,El�zio Mario Ferreira,
Montes Claros,Desenvolvimento de Objetos Simuladores para Radioterapia,,
Montes Claros,Metodologias Ativas: Ensino H�brido no Combate � Repet�ncia em C�lculo I,Neila Marcelle Gualberto Leite,
Montes Claros,Avalia��o da Efici�ncia do Processo Fenton no Tratamento de Lixiviado de Aterro Sanit�rio,Igor Talles Fonseca Figueiredo,
Montes Claros,Avalia��o de Catalisadores Heterog�neos e �leos Vegetais na Produ��o de Biodiesel,Talles de Assis Cardoso Gon�alves,
Montes Claros,Estudo da Influ�ncia da Temperatura e Projeto de Modelo Cin�tico da Rea��o de Saponifica��o do Acetato de Etila e Hidr�xido de S�dio,Talles de Assis Cardoso Gon�alves,
Montes Claros,Tecnologia digital: Uso de aplicativo na aprendizagem de desenho t�cnico do curso t�cnico em edifica��es,Admilson Eust�quio Prates,
Montes Claros,Educa��o emocional no ensino m�dio integrado,Admilson Eust�quio Prates,
Montes Claros,"O trabalho como princ�pio educativo no ensino m�dio integrado do Instituto Federal de Educa��o, Ci�ncia e Tecnologia do Norte de Minas Gerais, Campus Montes Claros",Admilson Eust�quio Prates,
Montes Claros,Avalia��o da queda de press�o via an�lise Planejamento Fatorial 2k,Jo�o Carlos Gon�alves,
Montes Claros,Projeto eletromagn�tico de um acelerador de d�uterons para a terapia de captura de n�utrons,Wagner Leite Araujo,
Montes Claros,Expans�o e an�lise do Data Mart Acad�mico do IFNMG,L�cio Fernandes Dutra Santos,
Montes Claros,An�lise do Data Mart Acad�mico do IFNMG,L�cio Fernandes Dutra Santos,
Montes Claros,Aplica��o do Geant4 para investiga��o e aprimoramento em unidade de irradia��o para a terapia de captura de n�utrons,Wagner Leite Araujo,
Montes Claros,Instrumenta��o para aquisi��o de dados de uma planta de leito de jorro,Saulo Fernando dos Santos Vidal,
Montes Claros,Tratamento qu�mico em fitas magn�ticas (VHS),Pedro Henrique de Oliveira Gomes,
Montes Claros,Neutraliza��o de pH de um efluente de car�ter b�sico utilizando software livre e plataforma Arduino,Saulo Fernando dos Santos Vidal,
Montes Claros,Avalia��o do potencial de adsor��o de carv�o ativado derivado de lodo biol�gico frente ao fenol presente em efluentes industriais,Daniel Rodrigues Magalh�es,
Montes Claros,Estudo do processo de secagem de sementes de Brachiaria brizantha cultivar Marandu em Leito de Jorro,Jo�o Carlos Gon�alves,
Montes Claros,Uso de redes neurais para controle de n�vel em um sistema de tanques em s�rie,Saulo Fernando dos Santos Vidal,
Pirapora,Produ��o de Tintas � Base de Argila para a Constru��o Civil,Marcelo de Oliveira Rosa,
Pirapora,O Impacto do Com�rcio Eletr�nico do Consumo Piraporense,Daniel Rocha Silva,
Pirapora,Levantamento dos Principais Tipos de Patologias em Pavimentos Flex�veis e Intertravados no Munic�pio de Pirapora- MG,F�bio Jos� Generoso,
Pirapora,A Cidade como Espa�o Aprendizagem: Letramento e Emancipa��o Digital e Cidad�,Marcelo de Miranda Lacerda,
Pirapora,Sabedoria Popular sobre Plantas Medicinais Comercializados na Feira Livre do  Munic�pio da Pirapora,Gleysson de Paula Terra,
Porteirinha,Estudo sobre a utiliza��o das tecnologias da informa��o e comunica��o nas Escolas Estaduais da Zona Urbana do Munic�pio de Porteirinha/MG,Fernanda Pereira Santana,
Porteirinha,Evas�o Escolar. Repet�ncia e sucesso discente,Wilney Fernando Silva,
Porteirinha,Prot�tipo para Adequa��o dos Limites de Demanda de Energia El�trica em Instala��es Industriais,Marco Ant�nio Silva Pereira � Passou para Caio Ven�ncio Duarte Carvalho,
Porteirinha,Aplica��o da Minera��o de Dados no Processo de Produ��o do Queijo Minas Artesanal,Thiago Nogueira Tolentino,
Salinas,Utiliza��o do Farelo de Palma na Alimenta��o de Vacas Leiteras,Ant�nio Eust�quio Filho,
Salinas,Um Modelo Biol�gico contra o Ataque de Pragas de Plantas do Cerrado: Nect�rios Extraflorais versus Herbivoria,Tatianne Gizelle Marques Silva,
Salinas,Dicion�rio Liter�rio do Alto Rio Pardo (MG) � Taiobeiras,Alex Sander Luiz Campos,
Salinas,Mosquitos e Primatas � N�o � Humanos como Fontes de Infec��es Zoon�ticas no Norte de Minas Gerais,Filipe Vieira Santos de Abreu,
Salinas,Influ�ncia dos M�todos de Secagem na Extra��o e Quantifica��o de Taninos de Hortel� Pimenta ( Mentha x Piperita L. ),Higor Alexandre Rodrigues Maia,
Salinas,F�sica Moderna e Contempor�nea para o Ensino M�dio,Luciano Adley Costa Castro,
Salinas,Avalia��o de Par�metros Agron�micos de Cinco Variedades Mandioca para Mesa na Cidade de Salinas � MG,Oscar William Barbosa Fernandes,
Salinas,R�tulos de Cacha�a: Avalia��o de sua Conformidade em Rela��o a Legisla��o e o Comportamento do Consumidor em Rela��o a essas Informa��es em Cacha�as Comercializadas na Cidade de Salinas � MG,Higor Alexandre Maia,
Salinas,A Suplmenta��o Alimentar no Desempenho e Caracter�sticas do Mel da Apis mellifera em Salinas/ MG,Thiago Moreira dos Santos,
Salinas,Avalia��o da Brota��o no Regime de Talhada em Povoamento de Eucalipto,Vin�cius Orlandi Barbosa Lima,
Salinas,Fatores de Risco e Agentes Etiol�gicos Causadores de Mastite em Propriedades Rurais Vinculadas � Cooperativa dos Produtores Rurais de Salinas (COOPERSA),Paulo Bastos Queiroz,
Salinas,Aperfei�oamento de T�cnicas para a Criopreserva��o do S�men Ovino,J�lio C�sar Oliveira Dias,
Salinas,Avalia��o da Velocidade de Hemossedimenta��o em Cadelas com Piometra,Eduardo Garrido,
Salinas,Inser��o de Insetos na Alimenta��o Humana de Popula��es Carentes como Alternativa ao Consumo de Carne de Animais Convencionais,Felipe Cimino Duarte,
Salinas,Determina��o da Atividade Antimicrobiana dos Extratos das Folhas de Morus nigra L. Chenopodium ambrosioides e Aloe vera sobre Staphylococcus aureos e Salmonella spp,Roberta Magalh�es Dias Cardozo,
Salinas,Impactos do Novo C�digo Florestal no Regime Hidrol�gico de uma Bacia Hidrogr�fica do Semi � �rido Mineiro: estudo em n�vel de bacia experimental,Ronaldo Medeiros dos Santos,
Salinas,Estimativa da Evapotranspira��o em �reas de Reflorestamento e Mata Seca Utilizando Imagens de Sat�lite,Marcelo Rossi Vicente,
Salinas,Resist�ncia versus Suscetibilidade Anti-helm�ntica em Bovinos Leiteiros Naturalmente Infectados,Vanessa Paulino da Cruz Vieira,
Salinas,Utiliza��o do Farelo de Palma na Alimenta��o de Ovinos Confinados,Ant�nio Eust�quio Filho,
Salinas,An�lise das Intera��es Ecol�gicas de Calliandra asplenioides (NEES) Renvoize com base nas Estruturas Florais,Michelia Pereira Soares,
Salinas,Monitoramento de Genotoxidade e An�lise Toxicol�gica de Organoclorados em Til�pia do Nilo (Oreochromis niloticus),Tha�s Larissa Louren�o Castanheira,
Salinas,A Modelagem Matem�tica via M�todo dos M�nimos Quadrados na Otimiza��o dos Fatores na S�ntese de Biod�esel,Agnaldo Monteiro Farias,
Salinas,O Turismo Impacta a Flora e Fauna de Invertebrados de Solo em Ambientes Cavern�colas?,Tatianne Gizelle Marques Silva,
Salinas,Efeitos da Aplica��o de Luz Ultravioleta (UV)no Controle Microbiol�gico de Polpa de Fruta Natural,Jean Pereira Coutinho,
Salinas,Interfer�ncia de Fatores Ex�genos Durante a Insemina��o Artificial. Com a taxa de prenhes,Susi Cristina dos Santos Guimar�es Martins,
Salinas,Otimiza��o no Processo de Extra��o de Cafe�na do Guaran� (Paullinia culpana) utilizando a �gua como solvente,Alexandre Santos de Souza,
Salinas,Elabora��o do Planejamento Fatorial para a Otimiza��o das Condi��es da Rea��o de Obten��o de Biod�sel via Cat�lise Heterog�nea,Roberto Ananias Ribeiro,
Salinas,"Atividades Experimentais de F�sica de F�cil Montagem, Bom Manuseioe Baixo Custo como Recurso Pedag�gico no Ensino M�dio da Escola Estadual Professor Levindo Lambert em Salinas � MG",Vailton Afonso da Silva,
Salinas,Caracteriza��o do Cari�tipo de Gaunandi ( Calophyllum brasiliense Cambess),Guilherme Mendes de Almeida Carvalho,
Salinas,A Utiliza��o do Youtube como Ferramenta para a Capacita��o Docente,Ana Clara Gon�alves Alves de Meira,
Salinas,Atividade Antimicrobiana do �leo Essencial de Cravo-da �ndia,Isis Celena Amaral,
Salinas,Indu��o da Organog�nese a Partir de Segmentos de Epic�tilo de Handroanthus impetiginosus (Mart. Ex DC) Mattos,Rog�rio Alves de Amorim,
Salinas,An�lise de Vari�nia em um Experimento de S�ntese de Biodiesel Conduzido em Planejamento Fatorial,Leonardo Martins do Nascimento,
Salinas,"Zoneamento Edafloclim�tico para Implanta��o de Esp�cies Florestais, em sistema ILPE, na Micrirregi�o do Alto Rio Pardo/MG",Ant�nio Carlos Pinheiro Cani,
Salinas,Biochar na Composi��o de Substratos para Produ��o de Mudas de Caesalpinia pelthophoroides Benth,Jane Bruna de Almeida,
Salinas,Avalia��o do perfil Microbiol�gico do Sangue de Cadelas com Piometra,Eduardo Garrido,
Salinas,"An�lise Microbiol�gica da �gua em Tr�s Pontos Extrat�gicos no Instituto Federal de  Educa��o, Ci�ncia  Tecnologia do Norte de Minas Gerais � Campus Salinas",Rosimeire Alves Guimar�es,
Salinas,"Produ��o de �leos Essenciais de Frutas C�tricas (laranja Pera � Citrus sinensis L. Osbeck, lim�o Taiti � Citrus latifolia e tangerina Pokan � C�trus reticulata) como uma alternativa de utiliza��o de res�duos agroindustriais para saborizar  e aromatizar alimentos: um panorama sensorial",Daniela Caetano,
Salinas,Agregando Valor ao Abacaxi da Regi�o de Berilo -MG Atrav�s da Produ��o de Licor Artesanal,Daniela Caetano,
Salinas,IFNMG ONLINE: Estudantes e a Adic��o em Internet no Campus Salinas,Aldemi Ferreira Mendes,
Salinas,Constru��o e Manuseio de um Prot�tipo de Mini-usina para Produ��o de Biog�s e Biofertilizantes,Magnovaldo Carvalho Lopes,
Salinas,An�lise das Propriedades f�sico-qu�micas da �gua de abastecimento p�blico e de �guas coletadas pr�ximas ao per�metro urbano do munic�pio de Salinas MG,Magnovaldo Carvalho Lopes,
Salinas,Avalia��o do Efeito Antif�ngico do �leo Essencial de Pequi ( Caryocar brasieliense),Michelle Ferreira Terra Ematne,
Salinas,Iogurte Grego Sabor Umbu: Uso de Frutos Regionais na Inser��o de Novos Sabores,Daniela Caetano,
Salinas,Origem dos Campos de Murundus no Norte de Minas Gerais,Elcio Jos� do Nascimento,
Salinas,Melhoria da Qualidade da Sensorial da Cacha�a Atrav�s do Beneficiamento da Mat�ria Prima,Daniela Caetano,
Salinas,O Uso de Materiais Did�ticos Manipul�veis como Ferramenta no Processo de Ensino- Aprendizagem da Geometria Espacial,Eilson Santiago,
Salinas,O Ensino da Trigonometria Usando o Ciclo Trigonom�trico Manipul�vel como Ferramenta no Processo de Ensino � Aprendizagem,Eilson Santiago,
Salinas,O Uso de V�deo Aulas Como Recurso Did�tico no Ensino Matem�tica,Eilson Santiago,
Salinas,An�lise da Qualidade do Leite Produzido no Latic�nio do IFNMG- Campus Salinas � MG,Thiago Moreira dos Santos,
Salinas,Quem n�o Toma Cacha�a Bebe Leite? Quebrando Paradigmas Avalia��o F�sico-Qu�mico e Sensorial de Licor de Leite,Daniela Caetano,
Salinas,An�lise da Qualidade de Ovos Comercializados no Mercado Central da Cidade de Salinas � Minas Gerais,Thiago Moreira dos Santos,
Salinas,Influ�ncia do Sistema de Cria��o e Manejo na Ocorr�ncia de Estereotipias em Equinos da Regi�o do Cerrado Mineiro,Paulo Jos� Bastos Queiroz,
Salinas,"Melhoria da Qualidade da Cacha�a, Atrav�s do Beneficiamento da Mat�ria Prima",Felipe Cimino Duarte,
Salinas,Avalia��o quali-quantitativa da Arboriza��o Urbana do IFNMG � Campus Salinas,Thais Ribeiro Costa,
Salinas,Sistema de Suporte para Controle de Pacientes na Enfermaria Escolar,Leonardo Humberto Guimar�es Silva,
Salinas,"Estudo da Remo��o de Contaminantes Emergentes Diclofenaco, Ibuprofeno e Paracetamol por Adsor��o em  Pequi",Luiz Fernando Oliveira Maia,
Salinas,An�lise dos Caramujos Encontrados no Rio Salinas e Identifica��o da Poss�vel Contamina��o pelo Parasita,Felipe Vieira Santos de Abreu,
Salinas,Prepara��o de Hidr�xidos Duplos Lamelares ZN/AL (III): Aplica��o na Adsor��o de Cromo Hexavelente,Luiz Fernando Oliveira Maia,
Salinas,Perfil Sensorial da Aceita��o de Caipirinha Elaborada a Partir de Xarope Concentrado de Lim�o,Alexandre Santos de Souza,
Salinas,Panorama da Aceita��o Sensorial de Bebida Alcoolica Mista � Base de Doce de Leite,Alexandre Santos de Souza,
Salinas,Perfil Sensorial de Queijo Minas Padr�o Maturato Revestido com Cera de Abelha,Alexandre Santos de Souza,
Te�filo Otoni,Os benef�cios da estrat�gia do debate em sala de aula e sua colabora��o na avalia��o formal: estudo de caso no Ensino M�dio T�cnico Integrado do IFNMG/Campus Te�filo Otoni.,Maria Terezinha Pereira Pestana,
Te�filo Otoni,�IFNMG OH LINE�: Estudantes e a adicc��o em internet no Campus Te�filo Otoni,Luara Cristiane Dourado Neves,
Te�filo Otoni,Mapeamento e estrutura cultural do Norte de Minas Gerais: Uma proposta baseada na Web sem�ntica.,Yuri Bento Marques,
Te�filo Otoni,"Impactos da eros�o h�drica, perda de solo e �gua no Instituto Federal do Norte de Minas Gerais- Campus Te�filo Otoni.",Ivan Carlos Carreiro Almeida,
Te�filo Otoni,Empreendedores versus inventores: Testagem de modelos preditivos do comportamento empresarial.,Gustavo Henrique Silva de Souza,
Te�filo Otoni,"Influ�ncia do Uso do Solo e da Topografia na Perda de �gua e Solo em um Latossolo Vermelho-amarelo Distr�fico T�pico em Te�filo Otoni, Minas Gerais.",Ivan Carlos Carreiro Almeida,
Te�filo Otoni,Instrumenta��o Padronizada na Administra��o de Marketing: O Desenvolvimento de um Sistema Gerencial de Pesquisas de Mercado,Ana Cl�udia Gon�alves  de S� Jardim,
